{"cameraMode":{"drawMode":0,"name":"Shaded","section":"Shading Mode"},"sceneLighting":true,"audioPlay":false,"sceneViewState":{"showFog":true,"showMaterialUpdate":false,"showSkybox":true,"showFlares":true,"showImageEffects":true,"showParticleSystems":true,"showVisualEffectGraphs":true,"m_FxEnabled":true},"in2DMode":false,"pivot":{"x":-0.0032222196459770204,"y":0.023625005036592485,"z":-3.725290298461914e-9},"rotation":{"x":-0.04947775602340698,"y":-0.010187406092882157,"z":0.0005222705658525229,"w":-0.9987596273422241},"size":5.566573619842529,"orthographic":true}