{"cameraMode":{"drawMode":0,"name":"Shaded","section":"Shading Mode"},"sceneLighting":true,"audioPlay":false,"sceneViewState":{"showFog":true,"showMaterialUpdate":false,"showSkybox":true,"showFlares":true,"showImageEffects":true,"showParticleSystems":true,"showVisualEffectGraphs":true,"m_FxEnabled":true},"in2DMode":false,"pivot":{"x":-0.0032222196459770204,"y":0.023625005036592485,"z":-3.725290298461914e-9},"rotation":{"x":-0.037490639835596088,"y":0.006295685190707445,"z":-0.00021832314087077975,"w":-0.9993104338645935},"size":0.07597434520721436,"orthographic":true}