{"cameraMode":{"drawMode":0,"name":"Shaded","section":"Shading Mode"},"sceneLighting":true,"audioPlay":false,"sceneViewState":{"showFog":true,"showMaterialUpdate":false,"showSkybox":true,"showFlares":true,"showImageEffects":true,"showParticleSystems":true,"showVisualEffectGraphs":true,"m_FxEnabled":true},"in2DMode":false,"pivot":{"x":-1.4106799364089966,"y":1.2388687133789063,"z":-0.08630847930908203},"rotation":{"x":0.059987060725688937,"y":0.5973725914955139,"z":0.04490618780255318,"w":-0.7984968423843384},"size":2.0904111862182619,"orthographic":true}