{"cameraMode":{"drawMode":0,"name":"Shaded","section":"Shading Mode"},"sceneLighting":true,"audioPlay":false,"sceneViewState":{"showFog":true,"showMaterialUpdate":false,"showSkybox":true,"showFlares":true,"showImageEffects":true,"showParticleSystems":true,"showVisualEffectGraphs":true,"m_FxEnabled":true},"in2DMode":false,"pivot":{"x":-0.0032222196459770204,"y":0.023625005036592485,"z":-3.725290298461914e-9},"rotation":{"x":-0.2360425740480423,"y":0.11513534188270569,"z":-0.02814548648893833,"w":-0.9645456075668335},"size":5.145646572113037,"orthographic":true}